,SMILES,STG,max_sim,top5_sim,top10_sim,mean_sim,most_similar,model2_predvals,model4b_predvals,model6b_predvals
0,C1C=CC2C=CC3=CC=CC4C=CC=1C=4C=23,0.026,0.47058823529411764,0.44007059761703726,0.4191657335911273,0.09612939677229718,c1ccc2ccc3cccc3c2cc1,-0.070357285,0.31927726,0.36605182
1,C1C=CC2C=CC3=C(O)C=C(O)C4C=CC=1C=4C=23,0.007,0.3783783783783784,0.3717362817362817,0.3638442861649693,0.10199597671710332,N#Cc1c(N)cccc2ccc3c(N)cc(N)c3c12,0.19775036,0.41850638,0.44892058
2,C1C=CC2C=CC3=C(OC)C=C(OC)C4C=CC=1C=4C=23,0.011,0.34285714285714286,0.3353410553410553,0.3284846487556258,0.09656725532077536,Nc1ccc2ccc3cccc3c2c(N)c1,0.056809984,0.41217598,0.43477923
3,C1(O)C=C(O)C2C=CC3=C(O)C=C(O)C4C=CC=1C=4C=23,-0.003,0.2692307692307692,0.2486737400530504,0.23874547217706282,0.09200294601626852,Nc1ccc2c(N)c3c(N)cc(N)c3c(N)c2cc1,0.29268885,0.34764948,0.45248026
4,C1(OC)C=C(OC)C2C=CC3=C(OC)C=C(OC)C4C=CC=1C=4C=23,0.013,0.2413793103448276,0.22468715239154619,0.21653252450236846,0.0866819211378567,Nc1ccc2c(N)c3c(N)cc(N)c3c(N)c2cc1,0.2024008,0.38390574,0.44813582
5,C1C(C(F)(F)F)=CC2C=CC3=CC(C(F)(F)F)=CC4C=CC=1C=4C=23,0.017,0.26666666666666666,0.24928435458146833,0.2422892361142636,0.09207497068876604,Nc1ccccc2cc3ccc(N)c3c(N)c12,0.3021606,0.24231307,0.25316545
6,C1C=CC2C(C#N)=C(C#N)C3=CC=CC4C(C#N)=C(C#N)C=1C=4C=23,-0.002,0.6190476190476191,0.5753052503052503,0.5530429385429384,0.19388678333626277,N#Cc1c2cccccc2c(C#N)c2cccc12,-0.032111168,0.20313498,0.2944885
7,C1C=CC=C2C=CC=CC3C=CC=1C2=3,0.081,0.47058823529411764,0.4434358288770054,0.42171791443850265,0.09347508092624605,c1ccc2ccc3cccc3c2cc1,-0.023752725,0.24446727,0.3005374
8,C1C(C#N)=CC=C2C=CC(C#N)=CC3C=CC=1C2=3,0.048,0.6,0.5738375973303671,0.5529604653318502,0.18250692601211393,N#Cc1ccc(N)c2c(ccc3ccc(C#N)c32)c1,0.10414173,0.36299828,0.37181732
9,C1C=C(N)C=C2C=C(N)C=CC3C=CC=1C2=3,0.02,0.56,0.49422222222222223,0.4789426129426129,0.14729905283734598,Nc1ccc2ccc3cc(N)cc3c2c(N)c1,0.007561637,0.21443307,0.35723242
10,C1C=C(O)C=C2C=C(O)C=CC3C=CC=1C2=3,0.034,0.26666666666666666,0.2565591397849462,0.2532795698924731,0.09485658845151132,Nc1cc(N)cc2c(ccc3ccc(N)c32)c1,0.26543972,0.22544615,0.10882871
11,C1C=C(OC)C=C2C=C(OC)C=CC3C=CC=1C2=3,0.05,0.2647058823529412,0.2467944460080683,0.23950366558106495,0.08859149817320967,Nc1ccc2ccc3cc(N)nc3c2c(N)n1,0.20915966,0.25291324,0.10389754
12,C1(N)C=C(N)C=C2C=C(N)C=C(N)C3C=CC=1C2=3,0.009,0.68,0.6132486772486773,0.5786679894179894,0.15774768121324764,Nc1cc(N)c2ccc3cc(N)cc3c2c(N)c1,0.18463767,0.14308314,0.1582649
13,C1(O)C=C(O)C=C2C=C(O)C=C(O)C3C=CC=1C2=3,-0.026,0.2564102564102564,0.25384615384615383,0.24867653770092796,0.09646946995178333,N#Cc1c(N)cc2cc(N)c3ccc(N)c3c2c(C#N)c1N,0.5710824,0.1813777,0.10312669
14,C1=CC=C2C=C3C=CC=CC4=CC=CC(=C1)C2=C43,0.066,0.625,0.49116897595158465,0.4547836221749265,0.1060835858959881,c1ccc2cc3cccc3cc2cc1,-0.0005650148,0.17164296,0.17095259
15,C1=C(C(F)(F)F)C=C2C=C3C=C(C(F)(F)F)C=CC4=CC=CC(=C1)C2=C43,0.065,0.34615384615384615,0.3229185086943708,0.30834729988798243,0.08873613289698506,c1ccc2cc3cccc3cc2cc1,0.39616993,0.20383115,0.18566756
16,C1(N)=CC=C2C=C3C=CC(N)=CC4=CC(N)=CC(=C1)C2=C43,-0.009,0.5384615384615384,0.518062678062678,0.49110651023694507,0.14308674562864188,Nc1ccc2cc3ccc(N)c3c(N)c2c(N)c1,0.1041123,0.06712514,0.04565522
17,C1(O)=CC=C2C=C3C=CC(O)=CC4=CC(O)=CC(=C1)C2=C43,-0.016,0.3,0.2853083833728995,0.27540877289304333,0.09127753798200709,Nc1ccccc2cc3ccc(N)c3c(N)c12,0.32586482,0.090850756,0.049486127
18,C12=C3C=CC1=CC=C1C=CC=CC1=C2C=C3,0.205,0.631578947368421,0.5426636155606408,0.5090460934946062,0.09445114169427805,c1ccc2ccc3cccc3c2cc1,-0.039560206,0.41330117,0.34645104
19,C12=C3C=C(C(F)(F)F)C1=CC=C1C=CC=CC1=C2C(C(F)(F)F)=C3,0.024,0.40540540540540543,0.3742097360518413,0.36421931667075186,0.0891618225224375,Nc1cc(N)c2c1ccc1cccccc12,-0.06523725,0.11868796,0.09660295
20,C12=C3C(N)=CC1=CC=C1C=C(N)C=C(N)C1=C2C=C3N,0.067,0.5925925925925926,0.5525415070242656,0.5310117114788973,0.14659950774746375,Nc1cc(N)c2c(N)cc3cc(N)cc3c2c(N)c1,0.13134874,0.42696908,0.35330957
21,C12=C3C(O)=CC1=CC=C1C=C(O)C=C(O)C1=C2C=C3O,-0.002,0.23809523809523808,0.23612878349720456,0.2330993567835673,0.08906923477817445,N#Cc1cc(C#N)c2c(C#N)cc3ccc(N)c3c2cc1N,0.44066572,0.41459566,0.23752803
22,C1C=CC2=CC3=CC=CC=C4C=C(C=1)C2=C43,-0.021,0.6,0.49000000000000005,0.4545244755244755,0.1077807315786593,c1ccc2cc3cccc3cc2cc1,0.03059254,0.16457987,0.024684843
23,C1(C)C(C)=CC2=CC3=CC(C)=C(C)C=C4C=C(C=1)C2=C43,-0.029,0.25,0.23577712609970672,0.22783333864592628,0.0846664486262922,Nc1cc(N)cc2cc3cc(N)cc3cc2c1,0.13828757,0.07989036,0.063745394
24,C1C=CC2=C(C(F)(F)F)C3=CC=CC=C4C(C(F)(F)F)=C(C=1)C2=C43,-0.051,0.3333333333333333,0.30333333333333334,0.2936453533026114,0.07609514554835113,Nc1cc(N)c2c(N)c3cccccc3c(N)c12,-0.063178435,0.09687807,0.13500755
25,C1C=CC2=C(C#N)C3=CC=CC=C4C=C(C=1)C2=C43,-0.035,0.6923076923076923,0.6051255169561621,0.5743711651251974,0.202953358400146,N#Cc1c2cccccc2cc2cccc12,-0.04080195,0.15689735,0.14083412
26,C1C=CC2=C(C#N)C3=CC=CC=C4C(C#N)=C(C=1)C2=C43,-0.063,0.7,0.6390769230769232,0.5951068376068376,0.19148733104465127,N#Cc1c2cccccc2c(C#N)c2cccc12,-0.11621669,0.010999992,0.094293505
27,C1C(C(F)(F)F)=CC2=CC3=CC(C(F)(F)F)=CC=C4C=C(C=1)C2=C43,-0.016,0.28125,0.26890965897544844,0.2600958551287499,0.08711787399408322,Nc1ccccc2cc3ccc(N)c3c(N)c12,0.29990813,0.1426262,0.08689389
28,C1C=CC2=C(O)C3=CC=CC=C4C(O)=C(C=1)C2=C43,0.189,0.3333333333333333,0.32287179487179485,0.3118632478632479,0.08000449136181066,Nc1c2cccccc2c(N)c2cccc12,0.14992599,0.1634145,0.09890516
29,C1C=CC2=C(N)C3=CC=CC=C4C(N)=C(C=1)C2=C43,0.149,0.6470588235294118,0.6094983447924625,0.5567491723962312,0.13998431286993168,Nc1c2cccccc2c(N)c2cccc12,0.025204552,0.15212281,0.12972578
30,N1C2=NC=NC3=NC=NC(=NC=1)N23,-0.166,0.3888888888888889,0.3528282828282828,0.3238500388500388,0.07430331038973069,NC1=NC=N1,0.5290738,-0.06816597,-0.01904498
31,N1C2=NC(O)=NC3=NC(O)=NC(=NC=1O)N23,-0.256,0.16,0.15230075187969924,0.14413539858004468,0.04850887632037609,c1ccc2c3ccnccc-3c-2cc1,0.061879344,-0.07971692,-0.08989834
32,N1C2=NC(OC)=NC3=NC(OC)=NC(=NC=1OC)N23,-0.233,0.13636363636363635,0.12707486631016043,0.12088009049773754,0.04386060359539558,NC1=NC(N)=N1,0.2129797,-0.07193746,-0.09933806
33,N1C2=NC(N)=NC3=NC(N)=NC(=NC=1N)N23,-0.265,0.4666666666666667,0.4017650186071239,0.35317170561449746,0.09630356516023716,NC1=NC(N)=N1,-0.061126195,-0.07195347,-0.089458175
34,N1C2=NC(N(C)C)=NC3=NC(N(C)C)=NC(=NC=1N(C)C)N23,-0.241,0.18518518518518517,0.16951061879454538,0.15755331748939844,0.04597608353054358,c1ccc2c3ccnccc-3c-2cc1,-0.019517126,-0.037126318,-0.0854002
35,N1=CN=C2N3C(=NC=N2)N=C(C(F)(F)F)N=C13,-0.149,0.23333333333333334,0.2304761904761905,0.2218972775166784,0.06080374448190329,NC1=NC=N1,0.34097704,-0.088949434,-0.11696241
36,N1=C(C#N)N=C2N3C(=NC(C#N)=N2)N=CN=C13,-0.114,0.32432432432432434,0.3081871240010775,0.3030984760054528,0.1336854127294288,N#CC1=C2N=CN=C2C=C1,0.49749234,-0.065605395,-0.086895116
37,N1=C(C#N)N=C2N3C(=NC(C#N)=N2)N=C(C#N)N=C13,-0.124,0.25925925925925924,0.2574074074074074,0.2455664488017429,0.1289813189011801,N#CC1=C(N)N=C1N,0.42499116,-0.05063737,-0.05681353
38,C1C=CC2=CC=CC3=CC=CC=1N23,-0.093,0.35294117647058826,0.3263040622947744,0.3041390441344002,0.0559194905473408,NC1=CC=C1,-0.036879905,0.47507235,0.5718579
39,C1C(O)=CC2=CC(O)=CC3=CC=CC=1N23,-0.094,0.26666666666666666,0.24715286741655912,0.23802521073770175,0.05019450434940199,NC1=CC=CC2=CC(N)=CC=CC2=C1,0.22594209,0.32924807,0.3677821
40,C1C(O)=CC2=CC(O)=CC3=CC(O)=CC=1N23,-0.171,0.15789473684210525,0.15318638476533214,0.1462304516750978,0.05222017110011281,NC1=CC(N)=C1,0.10249323,0.00948036,0.23617989
41,C1C(N)=CC2=CC(N)=CC3=CC(N)=CC=1N23,-0.181,0.4666666666666667,0.40479532163742693,0.3591879719568507,0.10139633236506645,NC1=CC(N)=C1,0.47196627,-0.06951922,0.19954182
42,C1C(N(C)C)=CC2=CC(N(C)C)=CC3=CC(N(C)C)=CC=1N23,-0.159,0.16666666666666666,0.160477761485826,0.15219655270058496,0.049994659437949084,N#CC1=CC(C#N)=C1,0.2166851,0.19874799,0.30342627
43,C1(C(F)(F)F)C=CC2=CC=C(C(F)(F)F)C3=CC=CC=1N23,-0.095,0.175,0.17023809523809524,0.1658499551240415,0.044794086316574215,NC1=CC=CC2=CC(N)=CC=CC2=C1,-0.08099205,0.019835375,0.16458815
44,C1C(C#N)=CC2=CC(C#N)=CC3=CC=CC=1N23,0.002,0.4838709677419355,0.46323884001303356,0.4392551839895294,0.1227289164226651,N#CC1=CC2=CC=CC2=C1,0.087122895,0.47239715,0.4685823
45,C1C(C#N)=CC2=CC(C#N)=CC3=CC(C#N)=CC=1N23,0.136,0.5555555555555556,0.48985088985088987,0.43681659336831746,0.13798039612644253,N#CC1=CC(C#N)=C1,0.11418982,0.38895738,0.45066476
46,C1(O)C=CC2=CC=C(O)C3=CC=CC=1N23,0.197,0.19444444444444445,0.18999245425391434,0.18469487471260165,0.04469270701442889,NC1=CC=CC2=CC(N)=CC=CC2=C1,0.16694193,0.40265238,0.36846852
47,C1(OC)C=CC2=CC=C(OC)C3=CC=CC=1N23,0.138,0.18421052631578946,0.17374686716791982,0.16794447714337554,0.04296106536554776,C1=Cc2cc3c(cc2=C1)C=CC=3,0.07782226,0.42661586,0.334035
48,C1(N)C=CC2=CC=C(N)C3=CC=CC=1N23,0.133,0.30303030303030304,0.2878485855230041,0.28273142989061195,0.08373930028615166,NC1=CC=CC(N)=C2C(N)=CC=CC(N)=C12,0.12999736,0.41099206,0.27590063
49,N1C=NC2=NC=NC3=CC=CC=1N23,-0.068,0.3235294117647059,0.3014964359727631,0.2909475535345543,0.06577343053654038,C1=CC2=NC=NC2=C1,0.9921152,-0.082809165,0.10082458
50,N1C=NC2=NC=NC3=CC(O)=CC=1N23,-0.111,0.23684210526315788,0.2295038671948689,0.22400474041121687,0.062144009769273124,NC1=CC(N)=NC=NC(N)=C1,0.44367838,-0.08363939,0.016087212
51,N1C=NC2=NC=NC3=CC(OC)=CC=1N23,-0.1,0.2222222222222222,0.21928901641957593,0.21690358205209087,0.07465561703357598,N#CC1=CC(C#N)=C2N=CN=C12,0.5749031,-0.072266504,0.029254522
52,N1C=NC2=NC=NC3=CC(N)=CC=1N23,-0.086,0.35294117647058826,0.33604133545310017,0.32485988114471087,0.10181032600554658,NC1=CC(N)=NC=NC(N)=C1,0.35176829,-0.057284445,-0.055138446
53,N1C=NC2=NC=NC3=CC(N(C)C)=CC=1N23,-0.077,0.21951219512195122,0.2111834602508921,0.20612431348411636,0.059013543085379414,NC1=CC(N)=NC=NC(N)=C1,0.47189096,-0.025033142,-0.012251683
54,N1C(O)=NC2=NC(O)=NC3=CC(O)=CC=1N23,-0.085,0.16666666666666666,0.15585603011134924,0.151313954797425,0.06060277854657949,N#CC1=CC=C2N=C(N)N=C(N)N=C2C(C#N)=C1,0.04015322,-0.10714232,0.035652466
55,N1C=NC2=NC=NC3=CC=C(C(F)(F)F)C=1N23,-0.087,0.2222222222222222,0.2153243816518562,0.20817501133874866,0.06575310699088177,NC1=CC=c2c1cnc1c2=NC=N1,0.79567796,0.02182106,-0.024529755
56,N1C=NC2=NC=NC3=CC=C(C#N)C=1N23,-0.077,0.39473684210526316,0.36418891431477246,0.3530781142650027,0.13098518325934694,N#CC1=CC=C2N=CN=C12,0.92530054,0.047986835,-0.0079181865
57,N1C=NC2=NC=NC3=C(C(F)(F)F)C=C(C(F)(F)F)C=1N23,-0.107,0.225,0.2153875968992248,0.2106454851277142,0.06464446328226137,NC1=CC2=NC=NC(N)=CC2=NC=N1,0.41866705,-0.014705247,-0.13172293
58,N1C=NC2=NC=NC3=C(C#N)C=C(C#N)C=1N23,-0.083,0.43902439024390244,0.4025921120913337,0.38803074992321784,0.13100285811832207,N#CC1=CC(C#N)=C(N)N=CN=C1N,0.802322,0.013116815,-0.05285109
